PMID,Epitope IRI,Name,Response measured,Quantitative measurement,Name.6,Class,HLA_epitope
11704282.0,http://www.iedb.org/epitope/16838,FLPSDKFPSV,dissociation constant KD (~IC50),8.7,HLA-A*02:01,I,HLA-A0201_16838
16156661.0,http://www.iedb.org/epitope/16838,FLPSDKFPSV,dissociation constant KD,10.7,HLA-A*02:01,I,HLA-A0201_16838
9438205.0,http://www.iedb.org/epitope/16838,FLPSDKFPSV,dissociation constant KD (~IC50),8.6,HLA-A*02:01,I,HLA-A0201_16838
8938271.0,http://www.iedb.org/epitope/16970,FLWGPRALV,dissociation constant KD (~IC50),61.0,HLA-A*02:01,I,HLA-A0201_16970
9438205.0,http://www.iedb.org/epitope/16970,FLWGPRALV,dissociation constant KD (~IC50),31.0,HLA-A*02:01,I,HLA-A0201_16970
17548627.0,http://www.iedb.org/epitope/20833,GLFDFVNFV,dissociation constant KD (~IC50),1.0,HLA-A*02:01,I,HLA-A0201_20833
16210659.0,http://www.iedb.org/epitope/20833,GLFDFVNFV,dissociation constant KD (~IC50),0.97,HLA-A*02:01,I,HLA-A0201_20833
17548627.0,http://www.iedb.org/epitope/25026,HVDGKILFV,dissociation constant KD (~IC50),39.0,HLA-A*02:01,I,HLA-A0201_25026
16210659.0,http://www.iedb.org/epitope/25026,HVDGKILFV,dissociation constant KD (~IC50),124.0,HLA-A*02:01,I,HLA-A0201_25026
34290406.0,http://www.iedb.org/epitope/28864,ITDQVPFSV,dissociation constant KD (~EC50),1000.0,HLA-A*02:01,I,HLA-A0201_28864
8938271.0,http://www.iedb.org/epitope/28864,ITDQVPFSV,dissociation constant KD (~IC50),84.0,HLA-A*02:01,I,HLA-A0201_28864
10395702.0,http://www.iedb.org/epitope/31235,KIFGSLAFL,dissociation constant KD (~IC50),33.3,HLA-A*02:01,I,HLA-A0201_31235
8938271.0,http://www.iedb.org/epitope/31235,KIFGSLAFL,dissociation constant KD (~IC50),33.0,HLA-A*02:01,I,HLA-A0201_31235
9754653.0,http://www.iedb.org/epitope/31235,KIFGSLAFL,dissociation constant KD (~IC50),33.3,HLA-A*02:01,I,HLA-A0201_31235
10201910.0,http://www.iedb.org/epitope/32201,KLTPLCVTL,dissociation constant KD (~IC50),102.0,HLA-A*02:01,I,HLA-A0201_32201
12055232.0,http://www.iedb.org/epitope/32201,KLTPLCVTL,dissociation constant KD (~IC50),102.0,HLA-A*02:01,I,HLA-A0201_32201
9870321.0,http://www.iedb.org/epitope/32201,KLTPLCVTL,dissociation constant KD (~IC50),31.0,HLA-A*02:01,I,HLA-A0201_32201
8938271.0,http://www.iedb.org/epitope/33915,KTWGQYWQV,dissociation constant KD (~IC50),11.0,HLA-A*02:01,I,HLA-A0201_33915
34290406.0,http://www.iedb.org/epitope/33915,KTWGQYWQV,dissociation constant KD (~EC50),1000.0,HLA-A*02:01,I,HLA-A0201_33915
16388312.0,http://www.iedb.org/epitope/59613,SLYNTVATL,dissociation constant KD (~EC50),300.0,HLA-A*02:01,I,HLA-A0201_59613
19412183.0,http://www.iedb.org/epitope/59613,SLYNTVATL,dissociation constant KD (~EC50),5.0,HLA-A*02:01,I,HLA-A0201_59613
12055232.0,http://www.iedb.org/epitope/72794,WLSLLVPFV,dissociation constant KD (~IC50),5.0,HLA-A*02:01,I,HLA-A0201_72794
10201910.0,http://www.iedb.org/epitope/72794,WLSLLVPFV,dissociation constant KD (~IC50),5.0,HLA-A*02:01,I,HLA-A0201_72794
9438205.0,http://www.iedb.org/epitope/72794,WLSLLVPFV,dissociation constant KD (~IC50),4.5,HLA-A*02:01,I,HLA-A0201_72794
8104103.0,http://www.iedb.org/epitope/72794,WLSLLVPFV,dissociation constant KD (~IC50),6.9,HLA-A*02:01,I,HLA-A0201_72794
31803176.0,http://www.iedb.org/epitope/958663,KLVVVGAVGV,dissociation constant KD (~IC50),300.0,HLA-A*02:01,I,HLA-A0201_958663
9263005.0,http://www.iedb.org/epitope/958663,KLVVVGAVGV,dissociation constant KD,240000.0,HLA-A*02:01,I,HLA-A0201_958663
